URL,adaptiveBosting,randomForest,naivebayes,logistic,svc,knn,decisionTree,neuralNets
http://mashable.com/2013/01/07/amazon-instant-video-browser/,4,4,1,4,4,4,4,4
http://mashable.com/2013/01/07/ap-samsung-sponsored-tweets/,4,4,2,4,4,4,4,4
http://mashable.com/2013/01/07/apple-40-billion-app-downloads/,4,4,2,4,4,4,4,4
http://mashable.com/2013/01/07/astronaut-notre-dame-bcs/,4,4,1,4,4,4,4,4
http://mashable.com/2013/01/07/att-u-verse-apps/,4,4,2,4,4,4,4,4
http://mashable.com/2013/01/07/beewi-smart-toys/,4,4,2,4,4,4,4,4
http://mashable.com/2013/01/07/bodymedia-armbandgets-update/,4,4,2,4,4,4,4,4
http://mashable.com/2013/01/07/canon-poweshot-n/,4,4,2,4,4,4,4,4
http://mashable.com/2013/01/07/car-of-the-future-infographic/,4,4,2,4,4,4,4,4
http://mashable.com/2013/01/07/chuck-hagel-website/,4,4,1,4,4,4,4,4
http://mashable.com/2013/01/07/cosmic-events-doomsday/,4,4,1,4,4,4,4,4
http://mashable.com/2013/01/07/crayon-creatures/,4,4,2,4,4,4,4,4
http://mashable.com/2013/01/07/creature-cups/,4,4,2,4,4,4,4,4
http://mashable.com/2013/01/07/dad-jokes/,4,4,2,4,4,4,4,4
http://mashable.com/2013/01/07/downton-abbey-tumblrs/,4,4,2,4,4,4,4,4
http://mashable.com/2013/01/07/earth-size-planets-milky-way/,4,4,1,4,4,4,4,4
http://mashable.com/2013/01/07/echo-game/,4,4,2,4,4,4,4,4
http://mashable.com/2013/01/07/entrepreneur-trends-2013/,4,4,2,4,4,4,4,4
http://mashable.com/2013/01/07/facebook-sick-app/,4,4,2,4,4,4,4,4
http://mashable.com/2013/01/07/felt-audio-pulse-speaker/,4,4,2,4,4,4,4,4
http://mashable.com/2013/01/07/ford-glympse/,4,4,2,4,4,4,4,4
http://mashable.com/2013/01/07/ftc-google-leaks/,4,4,1,4,4,4,4,4
http://mashable.com/2013/01/07/fujifilm-50x-superzoom/,4,4,2,4,4,4,4,4
http://mashable.com/2013/01/07/hillary-clinton-helmet/,4,4,1,4,4,4,4,4
http://mashable.com/2013/01/07/htc-q1/,4,4,2,4,4,4,4,4
http://mashable.com/2013/01/07/huawei-ascend-mate/,4,4,2,4,4,4,4,4
http://mashable.com/2013/01/07/iheartradio-app-perfect-for/,4,4,2,4,4,4,4,4
http://mashable.com/2013/01/07/intel-awesome-laptop/,4,4,2,4,4,4,4,4
http://mashable.com/2013/01/07/isp02-iphone-take-your-pulse/,4,4,2,4,4,4,4,4
http://mashable.com/2013/01/07/jobs-contently/,4,4,2,4,4,4,4,4
http://mashable.com/2013/01/07/land-a-job-at-spotify/,4,4,2,4,4,4,4,4
http://mashable.com/2013/01/07/lego-taking-robotics-to-next-level-with-mindstorms-ev3/,4,4,2,4,4,4,4,4
http://mashable.com/2013/01/07/lg-oled-tv-price/,4,4,2,4,4,4,4,4
http://mashable.com/2013/01/07/lionel-messi-fashion-moments/,4,4,2,4,4,4,4,4
http://mashable.com/2013/01/07/living-room-pinterest-contest/,4,4,2,4,4,4,4,4
http://mashable.com/2013/01/07/livio-connect-expands/,4,4,2,4,4,4,4,4
http://mashable.com/2013/01/07/magisto-ces/,4,4,2,4,4,4,4,4
http://mashable.com/2013/01/07/man-instagram-images-blind/,4,4,2,4,4,4,4,4
http://mashable.com/2013/01/07/mcafee-spying/,4,4,1,4,4,4,4,4
http://mashable.com/2013/01/07/messi-year-all-goals/,4,4,1,4,4,4,4,4
http://mashable.com/2013/01/07/monster-ea-gaming-headphones/,4,4,2,4,4,4,4,4
http://mashable.com/2013/01/07/monster-katana-bluetooth-speake/,4,4,2,4,4,4,4,4
http://mashable.com/2013/01/07/nectar-mobile-powe/,4,4,2,4,4,4,4,4
http://mashable.com/2013/01/07/nvidia-project-shield/,4,4,4,4,4,4,4,4
http://mashable.com/2013/01/07/nvidia-tegra-4/,4,4,2,4,4,4,4,4
http://mashable.com/2013/01/07/obama-boombox-israeli-radio-station-ad/,4,4,2,4,4,4,4,4
http://mashable.com/2013/01/07/omron-fitness-monitors/,4,4,2,4,4,4,4,4
http://mashable.com/2013/01/07/one-directions-kiss-you-video-is-here-after-barrage-of-web-teasers/,4,4,2,4,4,4,4,4
http://mashable.com/2013/01/07/panasonic-second-screen/,4,4,2,4,4,4,4,4
http://mashable.com/2013/01/07/pantech-discover-att/,4,4,2,4,4,4,4,4
http://mashable.com/2013/01/07/papertab/,4,4,2,4,4,4,4,4
http://mashable.com/2013/01/07/philips-fidelio-p8-speaker/,4,4,4,4,4,4,4,4
http://mashable.com/2013/01/07/philips-fidelio-soundbar/,4,4,4,4,4,4,4,4
http://mashable.com/2013/01/07/pitchfork-advance-album-stream/,4,4,2,4,4,4,4,4
http://mashable.com/2013/01/07/polaroid-android-camera/,4,4,2,4,4,4,4,4
http://mashable.com/2013/01/07/power-matters-alliance-organization/,4,4,2,4,4,4,4,4
http://mashable.com/2013/01/07/rage-comics-dying/,4,4,2,4,4,4,4,4
http://mashable.com/2013/01/07/reeddit-reddit/,4,4,2,4,4,4,4,4
http://mashable.com/2013/01/07/roku-adds-channels-device-partners-ces/,4,4,1,4,4,4,4,4
http://mashable.com/2013/01/07/samsung-2013-ces-press-conference/,4,4,2,4,4,4,4,4
http://mashable.com/2013/01/07/samsung-85-inch-uhd-tv/,4,4,2,4,4,4,4,4
http://mashable.com/2013/01/07/samsung-mulit-view-tv/,4,4,4,4,4,4,4,4
http://mashable.com/2013/01/07/samsung-quad-core-tv/,4,4,4,4,4,4,4,4
http://mashable.com/2013/01/07/samsung-smart-hub/,4,4,4,4,4,4,4,4
http://mashable.com/2013/01/07/samsung-uhd-blu-ray/,4,4,2,4,4,4,4,4
http://mashable.com/2013/01/07/sharp-intros-worlds-largest-led-hdtv/,4,4,2,4,4,4,4,4
http://mashable.com/2013/01/07/sharp-unveils-next-gen-igo-hdtvs/,4,4,4,4,4,4,4,4
http://mashable.com/2013/01/07/social-media-iran/,4,4,1,4,4,4,4,4
http://mashable.com/2013/01/07/social-tv-movies-getglue-2012/,4,4,1,4,4,4,4,4
http://mashable.com/2013/01/07/sony-stops-manufacturing-playstation-2/,4,4,1,4,4,4,4,4
http://mashable.com/2013/01/07/stolen-iphone-dating/,4,4,2,4,4,4,4,4
http://mashable.com/2013/01/07/targus-touch-pen-windows-8/,4,4,2,4,4,4,4,4
http://mashable.com/2013/01/07/ticketmaster-inauguration/,4,4,1,4,4,4,4,4
http://mashable.com/2013/01/07/top-twitter-pics-1-7/,4,4,1,4,4,4,4,4
http://mashable.com/2013/01/07/toshiba-4k-tv/,4,4,4,4,4,4,4,4
http://mashable.com/2013/01/07/traffic-signals-bugs/,4,4,2,4,4,4,4,4
http://mashable.com/2013/01/07/vh1-new-logo-plus-sign/,4,4,1,4,4,4,4,4
http://mashable.com/2013/01/07/youtube-future-tv/,4,4,2,4,4,4,4,4
http://mashable.com/2013/01/07/youtube-vs-cable/,4,4,2,4,4,4,4,4
http://mashable.com/2013/01/08/artist-drone-pilots-craigslist-fbi/,4,4,4,4,4,4,4,4
http://mashable.com/2013/01/08/japanese-cat-bomb-hacker/,4,4,4,4,4,4,4,4
http://mashable.com/2013/01/08/lego-iphone-case/,4,4,2,4,4,4,4,4
http://mashable.com/2013/01/08/nfl-arian-foster-twitter-avatar/,4,4,1,4,4,4,4,4
http://mashable.com/2013/01/08/personal-for-education/,4,4,2,4,4,4,4,4
http://mashable.com/2013/01/08/ro-marley-ces-2013/,4,4,2,4,4,4,4,4
http://mashable.com/2013/01/08/samsung-curved-oled/,4,4,2,4,4,4,4,4
http://mashable.com/2013/01/08/snow-dogs/,4,4,2,4,4,4,4,4
http://mashable.com/2013/01/08/star-trek-into-darkness-app/,4,4,2,4,4,4,4,4
http://mashable.com/2013/01/08/star-wars-episode-vii-who-will-direct-it-now/,4,4,1,4,4,4,4,4
http://mashable.com/2013/01/08/t-mobile-data/,4,4,2,4,4,4,4,4
http://mashable.com/2013/01/08/t-mobile-value-plan/,4,4,2,4,4,4,4,4
http://mashable.com/2013/01/09/1600-penn-sprinkles-cupcakes/,4,4,1,4,4,4,4,4
http://mashable.com/2013/01/09/50-cent-ces/,4,4,2,4,4,4,4,4
http://mashable.com/2013/01/09/amazon-predictions-2013/,4,4,2,4,4,4,4,4
http://mashable.com/2013/01/09/apple-phablet/,4,4,2,4,4,4,4,4
http://mashable.com/2013/01/09/arrested-development-may/,4,4,4,4,4,4,4,4
http://mashable.com/2013/01/09/bad-instagram-filters/,4,4,2,4,4,4,4,4
http://mashable.com/2013/01/09/beam-remote-telepresence/,4,4,2,4,4,4,4,4
http://mashable.com/2013/01/09/bieber-4chan-hoax/,4,4,2,4,4,4,4,4
http://mashable.com/2013/01/09/blue-umbrella-teaser-video-pixar/,4,4,4,4,4,4,4,4
